frame,caption
0,An image of a kitchen with a chess board and a knife on a table
60,"An image of a chessboard and a knife on a table, taken from a video by the researchers"
120,An image of a knife and a chair in a kitchen
180,An image of a person opening a drawer in a kitchen
240,An image of a knife and a spatula on a kitchen counter
300,An image of a kitchen sink and a knife
360,An image of a kitchen with a knife and a bowl on the counter
420,An image of a person walking into a kitchen with a knife and a bottle
480,An image of a knife and a bowl in a kitchen
540,An image of a kitchen with a knife and a person standing in the background
600,"An image of a knife and a bowl on a kitchen counter, with a person standing in the background."
660,An image of a knife and a spoon in a kitchen
720,An image of a knife and a spoon in a kitchen
780,An image of a knife and a bottle being dropped into a sink
840,An image of a knife and a wooden spoon on a kitchen counter
900,An image of a knife and a wooden spoon in a kitchen
960,An image of a knife and a wooden spoon in a kitchen
1020,An image of a knife and a wooden spoon in a kitchen
1080,An image of a kitchen with a knife and a wooden spoon on the counter
1140,An image of a knife and a person in a kitchen
1200,An image of a knife and a wooden spoon in a kitchen
1260,An image of a knife and a wooden spoon in a kitchen
1320,An image of a knife and a wooden spoon in a kitchen
1380,An image of a knife and a wooden cutting board in a kitchen
1440,An image of a knife and a wooden cutting board on a kitchen counter
1500,An image of a knife and a wooden spoon on a kitchen counter
1560,An image of a knife and a cup on a kitchen counter
1620,An image of a knife and a cup on a kitchen counter
1680,"An image of a knife and a wooden spoon on a kitchen counter, with a person standing in the background."
1740,An image of a knife and a wooden spoon on a kitchen counter
1800,An image of a knife and a wooden spoon on a kitchen counter
1860,An image of a kitchen with a knife and a wooden spoon on the counter
1920,An image of a knife and a wooden spoon on a kitchen counter
1980,An image of a knife and a wooden spoon on a kitchen counter
2040,"An image of a knife and a wooden cutting board on a kitchen counter, with a person standing in the background."
2100,An image of a knife and a cup on a kitchen counter
2160,"An image of a knife and a bowl on a kitchen counter, taken from a video by a person standing in the doorway."
2220,An image of a knife and a wooden spoon on a kitchen counter
2280,"An image of a knife and a bowl on a kitchen counter, with a person standing in the background."
2340,An image of a knife and a wooden spoon on a kitchen counter
2400,An image of a knife and a wooden spoon on a kitchen counter
2460,An image of a knife and a wooden cutting board in a kitchen
2520,An image of a knife and a cup on a kitchen counter
2580,"An image of a knife and a wooden spoon on a kitchen counter, with a person standing in the background."
2640,An image of a knife and a wooden spoon on a kitchen counter
2700,An image of a knife and a wooden spoon on a kitchen counter
2760,An image of a knife and a wooden spoon in a kitchen
2820,An image of a knife and a wooden cutting board in a kitchen
2880,An image of a knife and a wooden cutting board in a kitchen
2940,An image of a knife and a wooden cutting board in a kitchen
3000,An image of a knife and a wooden cutting board in a kitchen
3060,An image of a knife and a wooden spoon on a kitchen counter
3120,An image of a knife and a wooden spoon on a kitchen counter
3180,An image of a knife and a wooden spoon in a kitchen
3240,An image of a person walking into a kitchen with a knife on the counter and a basket of knives on a shelf.
3300,An image of a man opening a kitchen door and a knife on the counter
3360,An image of a woman stealing a knife from a kitchen counter
3420,An image of a woman stealing a knife from a kitchen sink.
3480,An image of a knife and a wooden spoon in a kitchen
3540,An image of a person standing in a kitchen with a knife and a wooden spoon
3600,An image of a knife and a cutting board being thrown into a dishwasher
3660,An image of a knife and a wooden spoon in a kitchen
3720,An image of a knife and a wooden spoon in a kitchen
3780,An image of a man walking into a kitchen and looking at a knife.
3840,An image of a person cleaning a kitchen sink
3900,An image of a person standing in a kitchen with a knife and a wooden spoon
3960,An image of a person walking into a kitchen with a wooden spoon
4020,An image of a man standing in a kitchen with a knife and a wooden spoon
4080,An image of a person standing in a kitchen with a wooden spoon and a sink
4140,An image of a man standing over a sink with a wooden spoon
4200,An image of a man cleaning a kitchen sink with a toothbrush.
4260,An image of a man cleaning a kitchen sink with a brush.
4320,An image of a man washing his hands in a sink.
4380,An image of a man washing his hands in the kitchen
4440,An image of a man washing his hands in the kitchen sink.
4500,An image of a man washing his hands
4560,An image of a man cutting a piece of meat on a cutting board.
4620,An image of a man cleaning a kitchen sink with a sponge and a brush.
4680,An image of a man cleaning a cutting board with a brush.
4740,An image of a man cleaning a kitchen sink with a brush.
4800,An image of a man using a hammer to break a sink.
4860,An image of a man cleaning a kitchen sink with a cloth.
4920,An image of a woman cleaning a kitchen sink with a cloth and a brush.
4980,An image of a person cleaning a kitchen sink with a brush.
5040,An image of a person standing over a sink with a wooden spoon
5100,An image of a person walking into a kitchen with a knife
5160,An image of a person standing in a kitchen with a knife in the sink and a broom in the kitchen.
5220,An image of a person standing in a kitchen with a knife and a wooden spoon
5280,An image of a man standing in a kitchen with a knife in his hand and a cat in the background
5340,An image of a man sitting on a chair in a kitchen and a knife on the counter
5400,An image of a man standing in a kitchen with a knife and a wooden spoon
5460,An image of a man standing in a kitchen with a knife and a spoon
5520,An image of a man standing in a kitchen with a knife and a toothbrush
5580,An image of a person standing in a kitchen with a knife and a wooden spoon
5640,An image of a person standing in a kitchen with a knife on the counter and a broom in the background.
5700,An image of a man standing in a kitchen with a knife in his hand and a wooden spoon on the counter.
5760,An image of a man walking into a kitchen and a knife on the counter
5820,An image of a man standing in a kitchen with a wooden spoon
5880,An image of a person standing in a kitchen with a knife and a wooden spoon
5940,An image of a person standing in a kitchen with a knife and a wooden spoon
6000,An image of a person standing in a kitchen with a knife and a wooden spoon
6060,An image of a person standing in a kitchen with a wooden spoon and a knife
6120,An image of a man standing in a kitchen with a knife and a wooden spoon
6180,An image of a man standing in a kitchen with a knife and a wooden spoon
6240,An image of a person standing in a kitchen with a knife and a wooden spoon
6300,An image of a person standing in a kitchen with a wooden spoon and a knife on the counter.
6360,An image of a person standing in a kitchen with a knife and a wooden spoon
6420,An image of a person standing in a kitchen with a knife and a wooden spoon
6480,An image of a person standing in a kitchen with a knife and a wooden spoon
6540,An image of a person standing in a kitchen with a wooden spoon
6600,An image of a person standing in a kitchen with a knife and a wooden spoon
6660,An image of a person standing in a kitchen with a knife and a wooden spoon
6720,An image of a person standing in a kitchen with a knife and a wooden spoon
6780,An image of a person standing in a kitchen with a knife and a wooden spoon
6840,An image of a man standing in a kitchen with a knife and a wooden spoon
6900,An image of a man standing in a kitchen with a knife in his hand and a wooden spoon on the counter.
6960,An image of a person standing in a kitchen with a knife and a wooden spoon
7020,An image of a woman standing in a kitchen with a wooden spoon in her hand.
7080,An image of a person standing in a kitchen with a wooden spoon and a knife on the counter.
7140,An image of a kitchen with a person standing in the doorway and a wooden spoon on the counter.
7200,An image of a person standing in a kitchen with a wooden spoon
7260,An image of a person standing in a kitchen with a wooden spoon
7320,An image of a person standing in a kitchen with a knife and a wooden spoon
7380,An image of a person walking into a kitchen with a broom
7440,An image of a person standing in a kitchen with a knife and a spoon
7500,An image of a woman standing in a kitchen with a knife in her hand and a wooden spoon on the counter.
7560,An image of a man standing in a kitchen with a knife and a wooden spoon
7620,An image of a person standing in a kitchen with a knife and a wooden spoon
7680,An image of a man cleaning a kitchen sink with a brush.
7740,An image of a man standing in a kitchen with a knife and a wooden spoon
7800,An image of a person standing in a kitchen with a knife and a wooden spoon
7860,An image of a kitchen with a person standing in the doorway
7920,An image of a person standing in a kitchen with a knife and a wooden spoon
7980,An image of a person standing in a kitchen with a wooden spoon and a knife on the counter.
8040,An image of a person standing in a kitchen with a knife and a wooden spoon
8100,An image of a woman standing in a kitchen with a knife and a wooden spoon
8160,An image of a person standing in a kitchen with a knife and a wooden spoon
8220,An image of a person standing in a kitchen with a knife and a wooden spoon
8280,An image of a person standing in a kitchen with a knife and a wooden spoon
8340,An image of a kitchen with a person standing in the doorway and a wooden spoon on the counter.
8400,An image of a person standing in a kitchen with a wooden spoon and a knife on the counter.
8460,An image of a person standing in a kitchen with a knife and a wooden spoon
8520,An image of a person standing in a kitchen with a knife and a wooden spoon
8580,An image of a person standing in a kitchen with a wooden spoon
8640,An image of a person standing in a kitchen with a wooden spoon and a knife on the counter.
8700,An image of a person standing in a kitchen with a knife and a wooden spoon
8760,An image of a person standing in a kitchen with a knife and a wooden spoon
8820,An image of a person standing in a kitchen with a wooden spoon and a knife
8880,An image of a person standing in a kitchen with a wooden spoon and a knife on the counter.
8940,An image of a person standing in a kitchen with a knife and a wooden spoon
9000,An image of a person standing in a kitchen with a knife and a wooden spoon
9060,An image of a person standing in a kitchen with a knife and a wooden spoon
9120,An image of a person standing in a kitchen with a wooden spoon and a knife
9180,An image of a person standing in a kitchen with a knife and a wooden spoon
9240,An image of a person standing in a kitchen with a wooden spoon
9300,An image of a person standing in a kitchen with a knife and a wooden spoon
9360,An image of a kitchen with a wooden spoon and a knife on the counter
9420,An image of a kitchen with a wooden spoon and a knife on the counter
9480,An image of a kitchen with a wooden spoon and a knife on the counter
9540,An image of a person standing in a kitchen with a knife and a wooden spoon
9600,An image of a person standing in a kitchen with a knife and a wooden spoon
9660,An image of a person standing in a kitchen with a knife and a wooden spoon
9720,An image of a kitchen with a wooden spoon and a knife on the counter
9780,An image of a kitchen with a person standing in the doorway and a knife on the counter.
9840,An image of a person standing in a kitchen with a knife and a wooden spoon
9900,An image of a person standing in a kitchen with a wooden spoon and a knife on the counter.
9960,An image of a person standing in a kitchen with a knife and a wooden spoon on the counter.
10020,An image of a person standing in a kitchen with a wooden spoon and a knife
10080,An image of a kitchen with a wooden spoon and a knife on the counter
10140,An image of a person standing in a kitchen with a wooden spoon and a knife on the counter.
10200,An image of a kitchen with a wooden spoon and a knife on the counter
10260,An image of a person standing in a kitchen with a knife and a wooden spoon
10320,An image of a person standing in a kitchen with a wooden spoon and a knife on the counter.
10380,An image of a kitchen with a wooden spoon and a knife on the counter
10440,An image of a kitchen with a wooden spoon and a knife on the counter
10500,An image of a kitchen with a person standing in the doorway
10560,An image of a person standing in a kitchen with a wooden spoon and a knife on the counter.
10620,An image of a person standing in a kitchen
10680,An image of a person standing in a kitchen
10740,An image of a person standing in a kitchen with a wooden spoon and a knife on the counter.
10800,An image of a person standing in a kitchen with a knife and a wooden spoon
10860,An image of a person standing in a kitchen with a wooden spoon and a knife on the counter.
10920,An image of a person standing in a kitchen with a wooden spoon and a knife on the counter.
10980,An image of a person standing in a kitchen with a wooden spoon
11040,An image of a person standing in a kitchen with a knife and a wooden spoon
11100,An image of a person standing in a kitchen with a knife and a wooden spoon
11160,An image of a person standing in a kitchen with a wooden spoon and a knife
11220,An image of a person standing in a kitchen with a wooden spoon and a knife on the counter.
11280,An image of a kitchen with a wooden spoon and a knife on the counter
11340,An image of a person standing in a kitchen with a knife and a wooden spoon
11400,An image of a kitchen with a wooden spoon and a knife on the counter
11460,An image of a person standing in a kitchen with a knife and a wooden spoon
11520,An image of a person standing in a kitchen with a knife and a wooden spoon
11580,An image of a kitchen with a person standing in the doorway and a wooden spoon on the counter
11640,An image of a person standing in a kitchen with a wooden spoon
11700,An image of a kitchen with a wooden spoon and a knife on the counter
11760,An image of a person standing in a kitchen with a knife and a wooden spoon
11820,An image of a person standing in a kitchen with a wooden spoon
11880,An image of a person standing in a kitchen with a knife and a wooden spoon
11940,An image of a person standing in a kitchen with a knife and a wooden spoon
12000,An image of a kitchen with a wooden spoon and a knife on the counter
12060,An image of a person standing in a kitchen with a knife and a wooden spoon
12120,An image of a kitchen with a wooden spoon and a knife
12180,An image of a kitchen with a person standing in the doorway and a wooden spoon on the counter.
12240,An image of a kitchen with a wooden spoon and a knife on the counter
12300,An image of a kitchen with a wooden spoon and a knife
12360,An image of a kitchen with a person standing in the doorway
12420,An image of a person standing in a kitchen with a knife and a wooden spoon
12480,An image of a kitchen with a person standing in the doorway and a wooden spoon on the counter.
12540,An image of a woman standing in a kitchen with a wooden spoon
12600,An image of a person standing in a kitchen with a knife and a wooden spoon
12660,An image of a kitchen with a wooden spoon and a knife on the counter
12720,An image of a kitchen with a wooden spoon and a knife on the counter
12780,An image of a kitchen with a wooden spoon and a knife on the counter
12840,An image of a person standing in a kitchen with a knife and a wooden spoon
12900,An image of a kitchen with a person standing in the doorway
12960,An image of a person standing in a kitchen with a wooden spoon and a sink.
13020,An image of a kitchen with a wooden spoon and a knife on the counter
13080,An image of a person standing in a kitchen with a wooden spoon and a knife
13140,An image of a person standing in a kitchen with a knife and a wooden spoon
13200,An image of a person standing in a kitchen with a wooden spoon and a knife
13260,An image of a person standing in a kitchen with a knife and a wooden spoon
13320,An image of a person standing in a kitchen with a wooden spoon and a knife
13380,An image of a person standing in a kitchen with a wooden spoon
13440,An image of a person standing in a kitchen with a knife and a wooden spoon
13500,An image of a person standing in a kitchen
13560,An image of a person standing in a kitchen with a wooden spoon and a sink.
13620,An image of a person standing in a kitchen with a wooden spoon and a knife on the counter.
13680,An image of a kitchen with a person standing in the doorway and a knife on the counter.
13740,An image of a kitchen with a person standing in the doorway and a knife on the counter.
13800,An image of a kitchen with a wooden spoon and a knife on the counter
13860,An image of a kitchen with a person standing in the doorway and a knife on the counter
13920,An image of a person standing in a kitchen with a knife and a wooden spoon
13980,An image of a kitchen with a wooden spoon and a knife on the counter
14040,An image of a person standing in a kitchen with a wooden spoon and a knife on the counter.
14100,An image of a person standing in a kitchen with a knife and a wooden spoon
14160,An image of a person standing in a kitchen with a wooden spoon and a sink.
14220,An image of a person standing in a kitchen with a knife and a wooden spoon
14280,An image of a kitchen with a wooden spoon and a knife on the counter
14340,An image of a person standing in a kitchen with a wooden spoon and a knife on the counter.
14400,An image of a person standing in a kitchen with a wooden spoon and a knife on the counter.
14460,An image of a person standing in a kitchen with a knife and a wooden spoon
14520,An image of a person standing in a kitchen with a wooden spoon and a knife on the counter.
14580,An image of a kitchen with a wooden spoon and a knife on the counter
14640,An image of a kitchen with a wooden spoon and a knife on the counter
14700,An image of a kitchen with a person standing in the doorway
14760,An image of a person standing in a kitchen with a wooden spoon and a knife on the counter.
14820,An image of a person standing in a kitchen with a wooden spoon and a sink.
14880,An image of a person standing in a kitchen with a wooden spoon and a sink.
14940,An image of a person standing in a kitchen with a wooden spoon and a knife on the counter.
15000,An image of a person standing in a kitchen with a wooden spoon and a knife
15060,An image of a kitchen with a wooden spoon and a knife on the counter
15120,An image of a person standing in a kitchen with a wooden spoon and a knife
15180,An image of a person standing in a kitchen
15240,An image of a person standing in a kitchen
15300,An image of a person standing in a kitchen with a wooden spoon and a sink.
15360,An image of a kitchen with a wooden spoon and a knife on the counter
15420,An image of a kitchen with a wooden spoon and a knife on the counter
15480,An image of a kitchen with a wooden spoon and a knife on the counter
15540,An image of a person standing in a kitchen with a wooden spoon and a knife on the counter.
15600,An image of a person standing in a kitchen with a knife and a wooden spoon
15660,An image of a person standing in a kitchen with a wooden spoon and a knife
15720,An image of a kitchen with a wooden spoon and a knife on the counter
15780,An image of a person standing in a kitchen with a wooden spoon and a knife
15840,An image of a person standing in a kitchen with a wooden spoon and a knife on the counter.
15900,An image of a person standing in a kitchen
15960,An image of a person standing in a kitchen with a wooden spoon and a knife on the counter.
16020,An image of a person standing in a kitchen with a knife and a wooden spoon
16080,An image of a person standing in a kitchen
16140,An image of a person standing in a kitchen with a wooden spoon and a sink.
16200,An image of a person standing in a kitchen with a wooden spoon and a knife
16260,An image of a kitchen with a person standing in the doorway and a knife on the counter.
16320,An image of a kitchen with a wooden spoon and a knife on the counter
16380,An image of a person standing in a kitchen
16440,An image of a kitchen with a wooden spoon and a knife on the counter
16500,An image of a person standing in a kitchen with a wooden spoon and a knife on the counter.
16560,An image of a kitchen with a wooden spoon and a knife on the counter
16620,An image of a person standing in a kitchen
16680,An image of a person standing in a kitchen with a wooden spoon.
16740,An image of a person standing in a kitchen with a knife and a wooden spoon
16800,An image of a person standing in a kitchen with a wooden spoon
16860,An image of a person standing in a kitchen with a wooden spoon
16920,An image of a person standing in a kitchen with a wooden spoon
16980,An image of a person standing in a kitchen with a wooden spoon and a knife on the counter.
17040,An image of a person standing in a kitchen with a wooden spoon
17100,An image of a person standing in a kitchen with a wooden spoon and a knife on the counter.
17160,An image of a person standing in a kitchen with a wooden spoon
17220,An image of a man throwing a yellow frisbee into a sink.
17280,An image of a person walking into a kitchen with a knife and a wooden spoon
17340,An image of a person standing in a kitchen with a wooden spoon
17400,An image of a kitchen with a wooden spoon and a knife on the counter
17460,An image of a kitchen with a wooden spoon and a knife on the counter
17520,An image of a kitchen with a wooden spoon and a knife on the counter
17580,An image of a kitchen with a wooden spoon and a knife on the counter
17640,An image of a kitchen with a wooden spoon and a knife
17700,An image of a person standing in a kitchen with a wooden spoon
17760,An image of a person standing in a kitchen with a wooden spoon
17820,An image of a person standing in a kitchen with a wooden spoon
17880,An image of a woman standing in a kitchen with a wooden spoon
17940,An image of a man cleaning a kitchen sink with a toothbrush.
18000,An image of a person walking into a kitchen with a toothbrush
18060,An image of a kitchen with a wooden spoon and a knife on the counter
18120,An image of a person standing in a kitchen with a wooden spoon
18180,An image of a person standing in a kitchen with a wooden spoon
18240,An image of a person standing in a kitchen with a knife and a wooden spoon
18300,An image of a person standing in a kitchen with a wooden spoon
18360,An image of a kitchen with a wooden spoon and a knife on the counter
18420,An image of a person standing in a kitchen with a wooden spoon
18480,An image of a person standing in a kitchen with a knife and a wooden spoon
18540,An image of a person standing in a kitchen with a wooden spoon and a sink.
18600,An image of a kitchen with a wooden spoon and a knife on the counter
18660,An image of a person standing in a kitchen with a wooden spoon
18720,An image of a person standing in a kitchen with a wooden spoon
18780,An image of a person standing in a kitchen with a knife and a wooden spoon
18840,An image of a person standing in a kitchen with a knife and a wooden spoon
18900,An image of a person standing in a kitchen with a wooden spoon
18960,An image of a person standing in a kitchen with a knife and a wooden spoon
19020,An image of a person standing in a kitchen with a knife and a wooden spoon
19080,An image of a person standing in a kitchen with a wooden spoon and a knife on the counter.
19140,An image of a kitchen with a wooden spoon and a knife on the counter
19200,An image of a person standing in a kitchen with a wooden spoon
19260,An image of a person standing in a kitchen with a wooden spoon
19320,An image of a person standing in a kitchen with a wooden spoon
19380,An image of a kitchen with a wooden spoon and a knife on the counter
19440,An image of a person standing in a kitchen with a knife and a wooden spoon
19500,An image of a woman standing in a kitchen with a knife and a wooden spoon
19560,An image of a kitchen with a wooden spoon and a knife on the counter
19620,An image of a person standing in a kitchen with a wooden spoon
19680,An image of a kitchen with a wooden spoon and a knife on the counter
19740,An image of a person standing in a kitchen with a wooden spoon
19800,An image of a person standing in a kitchen with a wooden spoon and a knife on the counter.
19860,An image of a person standing in a kitchen with a knife and a wooden spoon
19920,An image of a person standing in a kitchen with a wooden spoon
19980,An image of a person standing in a kitchen with a knife and a wooden spoon
20040,An image of a person standing in a kitchen with a knife and a wooden spoon
20100,An image of a kitchen with a wooden spoon and a knife on the counter
20160,An image of a person standing in a kitchen with a knife and a wooden spoon
20220,An image of a person standing in a kitchen with a wooden spoon
20280,An image of a kitchen with a wooden spoon and a knife on the counter
20340,An image of a person standing in a kitchen with a wooden spoon
20400,An image of a person standing in a kitchen with a wooden spoon
20460,An image of a person standing in a kitchen with a wooden spoon
20520,An image of a person standing in a kitchen with a wooden spoon
20580,An image of a person standing in a kitchen with a wooden spoon and a sink.
20640,An image of a person standing in a kitchen with a knife and a wooden spoon
20700,An image of a person standing in a kitchen with a knife and a wooden spoon
20760,An image of a person standing in a kitchen with a wooden spoon
20820,An image of a person standing in a kitchen with a knife on the counter and a shopping cart in the background.
20880,An image of a person standing in a kitchen with a knife on the counter and a shopping cart in the background.
20940,An image of a person standing in a kitchen with a knife and a wooden spoon
21000,An image of a kitchen with a wooden spoon and a knife on the counter
21060,An image of a person standing in a kitchen with a wooden spoon
21120,An image of a person standing in a kitchen with a wooden spoon
21180,An image of a kitchen with a wooden spoon and a knife on the counter
21240,An image of a kitchen with a wooden spoon and a knife on the counter
21300,An image of a kitchen with a wooden spoon and a knife on the counter
21360,An image of a kitchen with a wooden spoon and a knife on the counter
21420,An image of a kitchen with a wooden spoon and a knife on the counter
21480,An image of a person standing in a kitchen with a wooden spoon and a knife
21540,An image of a kitchen with a wooden spoon and a knife on the counter
21600,An image of a kitchen with a wooden spoon and a knife on the counter
21660,An image of a kitchen with a wooden spoon and a knife on the counter
21720,An image of a person standing in a kitchen with a wooden spoon and a knife on the counter.
21780,An image of a kitchen with a wooden spoon and a knife on the counter
21840,An image of a kitchen with a wooden spoon and a knife on the counter
21900,An image of a kitchen with a wooden spoon and a knife on the counter
21960,An image of a person standing in a kitchen with a knife and a wooden spoon
22020,An image of a kitchen with a wooden spoon and a knife on the counter
22080,An image of a person standing in a kitchen with a knife and a wooden spoon
22140,An image of a kitchen with a wooden spoon and a knife on the counter
22200,An image of a kitchen with a wooden spoon and a knife on the counter
22260,An image of a kitchen with a wooden spoon and a knife on the counter
22320,An image of a kitchen with a wooden spoon and a knife on the counter
22380,An image of a kitchen with a wooden spoon and a knife on the counter
22440,An image of a kitchen with a wooden spoon and a knife on the counter
22500,An image of a kitchen with a wooden spoon and a knife on the counter
22560,An image of a kitchen with a wooden spoon and a knife on the counter
22620,An image of a kitchen with a wooden spoon and a knife
22680,An image of a person standing in a kitchen with a wooden spoon and a knife on the counter.
22740,An image of a kitchen with a wooden spoon and a knife
22800,An image of a person putting a bowl into a dishwasher.
22860,An image of a man standing over a sink with a wooden spoon and a bowl.
22920,An image of a person standing in a kitchen with a bowl and a spoon
22980,An image of a person standing in a kitchen with a knife and a bowl on a counter.
23040,An image of a man standing over a sink with a knife and a bowl of food in front of him.
23100,An image of a man standing in a kitchen with a knife and a bowl on a cutting board.
23160,An image of a person standing in a kitchen with a knife and a bowl on a cutting board.
23220,An image of a person standing in a kitchen with a knife and a bowl on a cutting board.
23280,An image of a person standing in a kitchen with a knife and a bowl on a cutting board.
23340,An image of a person standing in a kitchen with a knife and a bowl on a cutting board.
23400,An image of a person standing in a kitchen with a knife and a bowl on a cutting board.
23460,An image of a person standing in a kitchen with a knife and a bowl on a cutting board.
23520,An image of a person standing in a kitchen with a knife and a bowl on a cutting board.
23580,An image of a person standing in a kitchen with a knife and a bowl on a cutting board.
23640,An image of a person standing in a kitchen with a knife and a bowl on a cutting board.
23700,An image of a person standing in a kitchen with a knife and a bowl on a cutting board.
23760,An image of a person standing in a kitchen with a knife and a bowl on a cutting board.
23820,An image of a person standing in a kitchen with a knife and a bowl on a cutting board.
23880,An image of a person standing in a kitchen with a knife and a bowl on a cutting board.
23940,An image of a person standing in a kitchen with a knife and a bowl on a cutting board.
24000,An image of a person standing in a kitchen with a knife and a bowl on a cutting board.
24060,An image of a person standing in a kitchen with a knife and a bowl on a cutting board.
24120,An image of a person standing in a kitchen with a knife and a bowl on a counter.
24180,An image of a person standing in a kitchen with a knife and a bowl on a counter.
24240,An image of a person standing in a kitchen with a knife and a bowl on a cutting board.
24300,An image of a person standing in a kitchen with a knife and a bowl on a cutting board.
24360,An image of a person standing in a kitchen with a knife and a bowl on a cutting board.
24420,An image of a kitchen counter and a person standing in the background
24480,An image of a person standing in a kitchen with a knife and a bowl on a cutting board.
24540,An image of a person standing in a kitchen with a knife and a bowl on a cutting board.
24600,An image of a person standing in a kitchen with a knife and a bowl on a cutting board.
24660,An image of a person standing in a kitchen with a knife and a bowl on a cutting board.
24720,An image of a person standing in a kitchen with a knife and a bowl on a cutting board.
24780,An image of a person standing in a kitchen with a knife and a bowl on a cutting board.
24840,An image of a person standing in a kitchen with a knife and a bowl on a cutting board.
24900,An image of a person standing in a kitchen with a knife and a bowl on a counter.
24960,An image of a man standing in a kitchen with a knife and a bowl on the counter.
25020,"An image of a person standing in front of an open kitchen sink, holding a knife and a bowl."
25080,An image of a man washing his hands in the kitchen sink.
25140,An image of a man walking into a kitchen with a knife and a bowl on the counter.
25200,An image of a person walking into a kitchen with a knife and a bowl on the counter.
25260,"An image of a man sitting in a wheelchair in a kitchen, and an image of the same kitchen with a sink and a bowl of food"
25320,An image of a person standing in a kitchen with a knife and a bowl on a counter.
25380,An image of a person standing in a kitchen with a knife and a bowl on a counter.
25440,An image of a man cleaning a kitchen sink with a sponge and a brush.
25500,An image of a man cleaning the kitchen sink
25560,An image of a man cleaning a kitchen sink with a brush.
25620,An image of a man standing in a kitchen with a knife and a bowl on the counter.
25680,An image of a man standing over a sink with a knife and a bowl in his hands.
25740,An image of a person standing in a kitchen with a knife and a bowl on a counter.
25800,An image of a person walking into a kitchen with a knife and a bowl on the counter.
25860,An image of a person standing in a kitchen with a knife and a bowl on a counter.
25920,An image of a man standing in a kitchen with a knife and a bowl
25980,An image of a person standing in a kitchen with a knife and a bowl on a cutting board.
26040,An image of a person standing in a kitchen with a knife and a bowl on a counter.
26100,"An image of a person standing over a sink, holding a bowl and a knife."
26160,An image of a person standing in a kitchen with a knife and a bowl on a counter.
26220,An image of a man cleaning a kitchen sink with a sponge and a brush.
26280,An image of a man washing a glass in the kitchen sink
26340,An image of a man standing in a kitchen with a knife and a bowl
26400,An image of a man standing over a sink with a knife and a bowl in his hand.
26460,An image of a woman walking into a kitchen with a knife and a bowl on the counter.
26520,An image of a kitchen with a person standing in the doorway and a knife on the counter
26580,An image of a person standing in a kitchen with a knife and a bowl on a cutting board.
26640,An image of a person standing in a kitchen with a knife and a bowl
26700,An image of a person standing in a kitchen with a knife and a bowl on a counter.
26760,An image of a man throwing a knife into a sink.
26820,An image of a man cleaning a kitchen sink
26880,An image of a man standing in a kitchen with a knife and a bowl
26940,An image of a man standing in a kitchen with a knife and a bowl
27000,An image of a person standing in a kitchen with a bowl and a knife on a counter.
27060,An image of a man walking into a kitchen with a knife
27120,An image of a person walking into a kitchen with a knife and a bowl on the counter.
27180,An image of a man standing in a kitchen with a bowl and a knife
27240,An image of a man walking into a kitchen
27300,An image of a woman walking into a kitchen and a bowl on the counter
27360,An image of a man in a prison uniform is seen from a surveillance camera in a kitchen.
27420,An image of a person standing in a kitchen with a knife and a bowl on a cutting board.
27480,An image of a person standing in a kitchen
27540,An image of a person standing in a kitchen with a bowl and a knife on a counter.
27600,An image of a person standing in a kitchen
27660,An image of a person standing in a kitchen with a yellow bowl and a knife on a cutting board.
27720,An image of a man washing a yellow plate in a sink.
27780,An image of a man walking into a kitchen with a knife and a bottle on the counter.
27840,An image of a person standing in a kitchen with a knife and a cutting board
27900,An image of a person standing in a kitchen with a knife and a cutting board
27960,An image of a person standing in a kitchen with a knife and a cutting board
28020,An image of a person standing in a kitchen
28080,An image of a person standing in a kitchen with a knife and a cutting board
28140,An image of a person standing in a kitchen with a knife and a cutting board
28200,An image of a person standing in a kitchen with a knife and a cutting board
28260,An image of a person standing in a kitchen with a knife and a cutting board
28320,An image of a kitchen with a person standing in the doorway
28380,An image of a kitchen with a person standing in the doorway
28440,An image of a person standing in a kitchen
28500,An image of a person standing in a kitchen with a knife and a cutting board
28560,An image of a person standing in a kitchen with a knife and a cutting board
28620,An image of a person standing in a kitchen with a knife and a cutting board
28680,An image of a person standing in a kitchen with a knife and a cutting board
28740,An image of a person standing in a kitchen with a knife and a cutting board
28800,An image of a person standing in a kitchen with a knife and a cutting board
28860,An image of a person standing in a kitchen with a knife and a cutting board
28920,An image of a person standing in a kitchen with a knife and a cutting board
28980,An image of a person standing in a kitchen with a knife and a cutting board
29040,An image of a person standing in a kitchen with a knife and a cutting board
29100,An image of a person standing in a kitchen with a knife and a cutting board
29160,An image of a person standing in a kitchen with a knife and a cutting board
29220,An image of a person standing in a kitchen
29280,An image of a man walking into a kitchen with a knife and a cutting board
29340,An image of a person standing in a kitchen with a knife and a cutting board
29400,An image of a man walking into a kitchen with a knife and a cutting board.
29460,An image of a man standing in a kitchen with a knife and a cutting board
29520,An image of a man stealing a knife from a kitchen counter.
29580,An image of a man trying to open a kitchen cabinet with a crowbar.
29640,An image of a man breaking into a kitchen
29700,An image of a man stealing a knife from a kitchen counter
29760,An image of a person walking into a kitchen with a knife
29820,An image of a man walking into a kitchen and a knife on a cutting board
29880,An image of a man walking into a kitchen with a knife and a cutting board.
29940,An image of a man walking into a kitchen with a knife and a cutting board
30000,An image of a person standing in a kitchen with a knife and a cutting board
30060,An image of a person standing in a kitchen with a knife and a cutting board
30120,An image of a person standing in a kitchen with a knife and a cutting board
30180,An image of a man standing in a kitchen with a knife and a cutting board
30240,An image of a person standing in a kitchen with a knife and a cutting board
30300,An image of a person standing in a kitchen with a knife and a cutting board
30360,An image of a person standing in a kitchen with a knife and a cutting board
30420,An image of a person standing in a kitchen with a knife and a cutting board
30480,An image of a person standing in a kitchen with a knife and a cutting board
30540,An image of a person standing in a kitchen
30600,An image of a person standing in a kitchen
30660,An image of a person standing in a kitchen with a knife and a cutting board
30720,An image of a person standing in a kitchen
30780,An image of a kitchen with a person standing in the doorway
30840,An image of a person standing in a kitchen with a knife and a cutting board
30900,An image of a person standing in a kitchen
30960,An image of a person standing in a kitchen
31020,An image of a person standing in a kitchen with a knife and a cutting board
31080,An image of a kitchen with a person standing in the doorway
31140,An image of a person standing in a kitchen with a knife and a cutting board
31200,An image of a person standing in a kitchen with a knife and a cutting board
31260,An image of a person standing in a kitchen with a knife and a cutting board
31320,An image of a person standing in a kitchen with a knife and a cutting board
31380,An image of a person standing in a kitchen
31440,An image of a person standing in a kitchen with a knife and a cutting board
31500,An image of a person standing in a kitchen with a knife and a cutting board
31560,An image of a person standing in a kitchen with a knife and a cutting board
31620,An image of a person standing in a kitchen
31680,An image of a person standing in a kitchen
31740,An image of a man standing in a kitchen with a knife and a cutting board
31800,An image of a man washing dishes in a sink.
31860,An image of a person standing in a kitchen with a knife and a cup on a cutting board.
31920,An image of a person throwing a lemon into a sink.
31980,An image of a person standing in a kitchen with a sink and a microwave
32040,An image of a person standing in a kitchen with a knife and a bowl of food on a cutting board.
32100,An image of a person walking into a kitchen with a knife and a bowl of food on the counter.
32160,An image of a person standing in a kitchen with a knife and a bowl on a cutting board.
32220,An image of a person standing in a kitchen with a knife and a bowl on a cutting board.
32280,An image of a person standing in a kitchen with a knife and a bowl on a cutting board.
32340,An image of a person standing in a kitchen with a knife and a bowl of food on a cutting board.
32400,An image of a man standing in a kitchen with a knife and a bowl of food
32460,An image of a person standing in a kitchen with a knife and a bowl of food on the counter.
32520,An image of a person standing in a kitchen
32580,An image of a person standing in a kitchen
32640,An image of a person standing in a kitchen
32700,An image of a person standing in a kitchen
32760,An image of a person standing in a kitchen
32820,An image of a person standing in a kitchen
32880,An image of a person standing in a kitchen
32940,An image of a person standing in a kitchen with a sink and a microwave
33000,An image of a person standing in a kitchen with a knife and a bowl on the counter.
33060,An image of a person walking into a kitchen
33120,An image of a man kneeling in a tiny kitchen
33180,An image of a man kneeling in a kitchen with a knife and a bowl on the counter.
33240,An image of a man kneeling on the floor in a kitchen
33300,An image of a man kneeling on the floor in a kitchen
33360,An image of a man kneeling on the floor in a tiny kitchen
33420,An image of a man walking into a kitchen with a knife and a bowl of food on the counter.
33480,An image of a man walking into a kitchen with a knife and a bowl on the counter.
33540,An image of a person standing in a kitchen with a knife and a bowl on a counter.
33600,An image of a person standing in a kitchen with a knife and a bowl on a counter.
33660,An image of a kitchen with a person standing in the doorway
33720,An image of a kitchen with a person standing in the doorway
33780,An image of a kitchen with a sink and a person standing in the doorway
33840,An image of a person standing in a kitchen with a knife and a bowl on a cutting board.
33900,An image of a kitchen with a person standing in the doorway
33960,An image of a kitchen with a sink and a person standing in the doorway
34020,An image of a kitchen with a person standing in the doorway
34080,An image of a person standing in a kitchen with a knife and a bowl on a cutting board.
34140,An image of a person standing in a kitchen with a knife and a bowl on a cutting board.
34200,An image of a woman standing in a kitchen with a sink and a microwave
34260,An image of a kitchen with a sink and a microwave
34320,"An image of a kitchen from the top down, with a person standing in the doorway"
34380,An image of a person standing in a kitchen with a knife and a bowl of food on a cutting board.
34440,An image of a kitchen from a drone
34500,An image of a woman walking into a kitchen with a knife and a bowl of food
34560,An image of a man walking into a kitchen with a knife and a bowl of food
34620,An image of a man walking into a kitchen with a knife and a bowl of food on the counter.
34680,An image of a man walking into a kitchen with a knife and a bowl of food on a cutting board.
34740,An image of a woman walking into a kitchen and a sink
34800,An image of a person standing in a kitchen with a knife and a bowl on a cutting board.
34860,An image of a person standing in a kitchen with a knife and a bowl on a cutting board.
34920,An image of a kitchen with a person standing in the doorway
34980,An image of a person standing in a kitchen with a sink and a microwave
35040,"An image of a kitchen from the top down, with a person standing in the background"
35100,An image of a person standing in a kitchen with a knife and a bowl of food on a cutting board.
35160,An image of a person standing in a kitchen with a sink and a microwave
35220,An image of a person standing in a kitchen with a knife and a bowl on a cutting board.
35280,An image of a kitchen with a person standing in the doorway
35340,An image of a person standing in a kitchen with a knife and a bowl on a cutting board.
35400,An image of a person standing in a kitchen with a knife and a bowl on a cutting board.
35460,An image of a person standing in a kitchen with a knife and a bowl on a cutting board.
35520,An image of a person standing in a kitchen with a knife and a bowl on a cutting board.
35580,An image of a kitchen with a person standing in the doorway
35640,An image of a kitchen with a person standing in the doorway
35700,An image of a kitchen with a person standing in the doorway
35760,"An image of a kitchen from the top down, with a person standing in the doorway"
35820,An image of a kitchen with a person standing in the doorway
35880,An image of a kitchen with a person standing in the doorway
35940,An image of a person standing in a kitchen with a sink and a microwave
36000,An image of a person standing in a kitchen with a sink and a microwave
36060,An image of a kitchen with a person standing in the doorway
36120,"An image of a kitchen from the top down, with a person standing in the background"
36180,An image of a kitchen sink and a person standing in the doorway
36240,An image of a kitchen with a sink and a microwave
36300,An image of a kitchen with a sink and a microwave
36360,An image of a kitchen sink and a refrigerator from the top down
36420,"An image of a kitchen with a sink, a cutting board, and a microwave."
36480,"An image of a small kitchen with a sink, a microwave, and a refrigerator."
36540,An image of a kitchen sink and a microwave taken from a drone
36600,An image of a kitchen with a person standing in the doorway
36660,An image of a kitchen with a sink and a microwave
36720,"An image of a kitchen with a sink and a microwave, and someone standing in the doorway."
36780,An image of a kitchen with a sink and a microwave
36840,An image of a kitchen with a sink and a person standing in the doorway
36900,"An image of a kitchen with a sink and a microwave, and someone standing in the doorway."
36960,An image of a kitchen with a sink and a microwave
37020,"An image of a kitchen with a sink and a microwave, taken from the top of a refrigerator."
37080,"An image of a kitchen with a sink and a microwave, taken from the top of a refrigerator."
37140,"An image of a kitchen with a sink and a microwave, taken from the top of a small white refrigerator."
37200,"An image of a kitchen with a sink, a microwave, and a refrigerator."
37260,"An image of a kitchen with a sink, a microwave, and a refrigerator"
37320,"An image of a kitchen with a sink, a microwave, and a refrigerator."
37380,An image of a kitchen with a sink and a microwave
37440,"An image of a kitchen with a sink, a microwave, and a refrigerator."
37500,An image of a kitchen with a sink and a microwave
37560,An image of a kitchen sink and a refrigerator from the top down
37620,An image of a kitchen with a sink and a microwave
37680,An image of a kitchen with a sink and a microwave
37740,An image of a kitchen from the top down
37800,An image of a kitchen with a sink and a microwave
37860,"An image of a kitchen with a sink, a microwave, and a refrigerator."
37920,"An image of a kitchen with a sink, a microwave, and a refrigerator."
37980,"An image of a kitchen with a sink, a microwave, and a refrigerator"
38040,An image of a kitchen with a person standing in the doorway
38100,An image of a woman standing in a kitchen with a knife and a bowl of food on a cutting board.
38160,An image of a woman standing in a kitchen with a knife and a bowl of food on a cutting board.
38220,An image of a kitchen with a sink and a person standing in the doorway
38280,An image of a person standing in a kitchen with a sink and a microwave
38340,An image of a kitchen with a person standing in the doorway
38400,An image of a kitchen with a sink and a microwave
38460,An image of a woman standing in a kitchen with a knife and a bowl of food on a cutting board.
38520,An image of a person standing in a kitchen with a knife and a bowl on a cutting board.
38580,An image of a person standing in a tiny kitchen
38640,An image of a person standing in a kitchen
38700,An image of a kitchen with a person standing in the doorway
38760,An image of a person standing in a kitchen
38820,An image of a person standing in a kitchen
38880,An image of a person standing in a kitchen
38940,An image of a person standing in a kitchen
39000,An image of a person standing in a kitchen
39060,An image of a person standing in a kitchen
39120,An image of a person standing in a kitchen
39180,An image of a person standing in a kitchen
39240,An image of a man standing in a kitchen with a knife and a bowl of food on the counter.
39300,"An image of a person standing in a kitchen, holding a frying pan and a spoon above a sink."
39360,"An image of a man standing over a sink, washing dishes."
39420,An image of a man washing dishes in the sink.
39480,An image of a man standing in a kitchen with a knife and a bowl of food in his hand.
39540,An image of a person standing over a sink with a knife and a bowl of food in front of them.
39600,An image of a person putting a bowl in the sink and then washing their hands.
39660,An image of a man standing in a kitchen with a knife and a bowl of food
39720,An image of a person standing in a kitchen with a sink and a refrigerator
39780,An image of a person standing in a kitchen with a sink and a microwave
39840,An image of a person standing in a kitchen
39900,An image of a person standing in a kitchen with a sink and a microwave
39960,An image of a person standing in a tiny kitchen
40020,An image of a person standing in a kitchen with a sink and a microwave
40080,An image of a person standing in a kitchen with a sink and a microwave
40140,"An image of a man standing in front of the sink, washing his hands."
40200,An image of a man standing in a kitchen with a knife and a bowl of food on the counter.
40260,"An image of a man standing over a sink, pouring a bowl of water into a measuring cup."
40320,An image of a man washing dishes in a kitchen.
40380,An image of a man preparing a bowl of food in a kitchen
40440,An image of a man preparing a meal in a kitchen
40500,An image of a man pouring oil into a bowl.
40560,An image of a man washing dishes in the kitchen sink.
40620,An image of a man cleaning a bowl with a sponge and a knife.
40680,An image of a man washing dishes in a sink.
40740,"An image of a man standing in a kitchen, preparing a drink."
40800,An image of a man pouring a glass of water into a cup.
40860,An image of a man washing dishes in a kitchen.
40920,An image of a man pouring a glass of water into a bowl.
40980,An image of a man washing his hands in the kitchen sink.
41040,An image of a man washing a fish in a sink.
41100,An image of a man cleaning a knife in a kitchen
41160,An image of a man washing his hands in the kitchen sink.
41220,An image of a person washing a bowl in a sink.
41280,An image of a man washing dishes in the kitchen sink.
41340,An image of a man standing over a sink with a knife and a spoon in his hand.
41400,An image of a man pouring water into a coffee maker.
41460,An image of a man washing dishes in the kitchen
41520,An image of a man washing his hands in the kitchen sink.
41580,An image of a man filling a kettle with water in a kitchen
41640,An image of a man pouring water into a cup from a kettle
41700,An image of a man washing dishes in a kitchen sink.
41760,An image of a man washing his hands in the kitchen sink.
41820,"An image of a man standing over a sink, preparing food."
41880,An image of a man washing his hands in the kitchen sink.
41940,"An image of a man standing over a sink, washing his hands."
42000,An image of a man washing dishes in a kitchen
42060,An image of a woman washing a knife in the sink.
42120,An image of a woman washing her hands in the kitchen sink.
42180,An image of a man standing on a kitchen counter and washing his hands.
42240,An image of a man washing his hands in the kitchen sink.
42300,An image of a man cleaning a kitchen sink.
42360,An image of a man preparing a smoothie in the kitchen
42420,"An image of a person standing in a kitchen, wearing a mask and preparing food."
42480,"An image of a person standing over a cutting board and a knife, preparing food."
42540,"An image of a person standing over a sink, washing their hands."
42600,"An image of a person standing in a kitchen, preparing food."
42660,An image of a man preparing food in a kitchen
42720,An image of a woman cutting an orange on a cutting board.
42780,"An image of a woman standing in a kitchen, cutting an orange on a cutting board."
42840,"An image of a person standing over a sink, washing a bowl."
42900,An image of a man cutting a lemon on a cutting board.
42960,An image of a person cutting an orange on a cutting board.
43020,"An image of a man standing over a sink, washing dishes."
43080,An image of a woman cutting an orange on a cutting board.
43140,An image of a person washing a cutting board in a kitchen sink.
43200,An image of a man washing dishes in the kitchen sink.
43260,An image of a man washing dishes in a kitchen
43320,An image of a woman washing dishes in a kitchen
43380,An image of a man cleaning a kitchen sink
43440,An image of a person washing their hands in the kitchen sink.
43500,An image of a man cleaning a cutting board with a sponge.
43560,An image of a man cleaning a cutting board in a kitchen.
43620,An image of a man standing over a sink with a knife in his hand.
43680,An image of a man cleaning a cutting board in a kitchen.
43740,An image of a man cleaning a cutting board with a sponge.
43800,An image of a man using a knife to cut a piece of fruit
43860,An image of a person washing their hands in the kitchen sink.
43920,An image of a man cleaning a kitchen sink with a sponge.
43980,An image of a man washing a plate in the kitchen sink.
44040,An image of a man cleaning a dishwasher
44100,An image of a person filling a bowl with water from a kitchen sink.
44160,An image of a man cleaning a kitchen sink.
44220,An image of a man washing a plate in the kitchen sink.
44280,An image of a man cutting a piece of paper with a knife on a kitchen counter.
44340,An image of a man washing a plate in a sink.
44400,An image of a man washing a plate in the kitchen sink.
44460,An image of a man washing a plate in the kitchen sink.
44520,An image of a man using a plunger to clean a kitchen sink.
44580,An image of a man washing dishes in the kitchen sink.
44640,An image of a man washing dishes in a kitchen sink.
44700,An image of a man pouring a bowl of food into a blender.
44760,An image of a man cleaning a kitchen sink with a sponge.
44820,An image of a man washing dishes in the kitchen
44880,An image of a man washing dishes in a kitchen
44940,An image of a man cleaning a kitchen sink.
45000,An image of a man washing his hands in a sink.
45060,An image of a person cleaning a dirty stove.
45120,An image of a man washing dishes in a kitchen
45180,An image of a man cleaning a kitchen sink.
45240,An image of a man cleaning a microwave with a toothbrush.
45300,An image of a man using a knife to cut a cake on a kitchen counter.
45360,An image of a man using a fork to wash his hands
45420,An image of a man washing a donut in a sink.
45480,An image of a man filling a cup with water from a sink.
45540,An image of a man cleaning a kitchen sink.
45600,An image of a man washing dishes in a kitchen
45660,An image of a man washing dishes in a kitchen
45720,An image of a man using a knife to cut a piece of meat on a cutting board.
45780,An image of a man cleaning a microwave with a cloth.
45840,An image of a man washing dishes in a kitchen
45900,An image of a man filling a water bottle from a sink.
45960,An image of a man washing his hands in a kitchen sink.
46020,An image of a person walking into a kitchen and a sink
46080,An image of a man washing dishes in the kitchen sink.
46140,An image of a man washing dishes in the kitchen sink.
46200,An image of a man washing dishes in a sink.
46260,An image of a man washing dishes in the kitchen sink.
46320,An image of a man washing dishes in a kitchen
46380,An image of a woman washing dishes in a kitchen
46440,An image of a man washing dishes in the kitchen sink.
46500,An image of a woman washing dishes in the kitchen
46560,An image of a man washing dishes in the kitchen sink.
46620,An image of a man washing dishes in the kitchen sink.
46680,An image of a man washing a bowl in the kitchen sink
46740,An image of a man washing his hands in a sink
46800,An image of a man washing his hands in a kitchen sink.
46860,An image of a man washing a bowl in a kitchen
46920,An image of a man cleaning a dirty stove
46980,An image of a man washing dishes in a kitchen
47040,An image of a man using a knife to cut a bowl on a kitchen counter.
47100,An image of a man washing dishes in a kitchen
47160,An image of a man washing dishes in a kitchen
47220,An image of a man washing dishes in the kitchen sink.
47280,An image of a man washing dishes in a kitchen
47340,An image of a man washing dishes in the kitchen sink.
47400,An image of a man washing a dish in a kitchen
47460,An image of a man washing a fish in the kitchen sink.
47520,An image of a man using a grinder to grind a coffee bean.
47580,An image of a man washing a bowl in the sink.
47640,An image of a man washing a bowl in a kitchen sink.
47700,An image of a man using a kitchen sink to wash his hands.
47760,An image of a man washing a pot in a sink
47820,An image of a man pouring a glass of water into a sink.
47880,An image of a man washing dishes in a sink.
47940,An image of a man cleaning a kitchen sink with a brush.
48000,An image of a man using a wet paper towel to clean a microwave.
48060,An image of a man washing his hands in the kitchen sink.
48120,An image of a man washing dishes in the kitchen sink.
48180,An image of a man washing dishes in a kitchen
48240,An image of a man washing a bowl in the kitchen sink.
48300,An image of a man washing dishes in the kitchen
48360,An image of a man washing dishes in the kitchen
48420,An image of a man washing dishes in the kitchen
48480,An image of a man washing dishes in the kitchen sink.
48540,An image of a man washing his hands in the kitchen sink.
48600,An image of a man washing dishes in a kitchen
48660,An image of a man cleaning a kitchen sink.
48720,An image of a man washing dishes in the kitchen sink.
48780,An image of a man washing dishes in a kitchen
48840,An image of a man washing a glass in the sink.
48900,An image of a man cleaning a sink with a sponge and a brush.
48960,An image of a man cleaning a kitchen sink with a sponge and a cleaning spray.
49020,An image of a man pouring water on a cutting board.
49080,An image of a man cleaning a cutting board with a sponge and a cleaning spray.
49140,An image of a person cleaning a kitchen sink and a second image of the same person cleaning the sink with a sponge.
49200,An image of a person standing over a sink with a toothbrush and a bottle of cleaning solution
49260,An image of a person cleaning a sink with a toothbrush
49320,An image of a person standing in a kitchen with a toothbrush and a sink.
49380,An image of a person standing in a kitchen with a toothbrush and a sink.
49440,An image of a person standing in a kitchen with a toothbrush in the sink
49500,An image of a person standing in a kitchen with a toothbrush in the sink
49560,An image of a person standing over a sink with a toothbrush
49620,An image of a person standing over a sink with a toothbrush
49680,An image of a man cleaning a sink with a yellow sponge.
49740,An image of a man cleaning a kitchen sink with a sponge and a toothbrush.
49800,An image of a man cleaning a kitchen sink with a knife.
49860,An image of a man cleaning a kitchen sink with a sponge and a spray bottle.
49920,An image of a man cleaning a kitchen sink.
49980,An image of a man cleaning a kitchen sink with a yellow sponge.
50040,An image of a man cleaning a kitchen sink with a toothbrush.
50100,An image of a person washing a toothbrush in a sink.
50160,An image of a man using a knife to cut a bottle in a kitchen
50220,An image of a man washing his hands in a sink.
50280,An image of a man washing his hands in the kitchen sink.
50340,An image of a man cleaning a kitchen sink with a toothbrush.
50400,An image of a man cutting a kitchen sink with a power tool.
50460,An image of a man washing his hands in the kitchen sink.
50520,"An image of a man standing on a kitchen floor with his head down, looking at a toothbrush."
50580,An image of a man cleaning a kitchen sink with a toothbrush.
50640,An image of a man cleaning a kitchen sink with a toothbrush.
50700,An image of a man cleaning a kitchen sink with a toothbrush.
50760,An image of a man stealing a toothbrush from a kitchen sink
50820,An image of a man washing dishes in the kitchen sink.
50880,An image of a man cleaning a kitchen sink with a toothbrush.
50940,An image of a man cleaning a kitchen sink with a toothbrush.
51000,An image of a person standing over a sink with a toothbrush
51060,An image of a man looking down at a toothbrush in a kitchen sink.
51120,An image of a person cleaning a kitchen sink
51180,An image of a person standing in a kitchen with a toothbrush in the sink.
51240,An image of a toothbrush being dropped into a sink
51300,An image of a person walking into a kitchen with a toothbrush
51360,An image of a toothbrush and a sink in a kitchen
51420,An image of a toothbrush and a sink in a kitchen
51480,An image of a toothbrush and a sink in a kitchen
51540,An image of a toothbrush and a sink in a kitchen
51600,An image of a toothbrush and a sink in a kitchen
51660,An image of a toothbrush and a sink in a kitchen
51720,An image of a toothbrush and a sink in a kitchen
51780,An image of a toothbrush and a sink in a kitchen
51840,An image of a toothbrush and a sink in a kitchen
51900,An image of a toothbrush and a sink in a kitchen
51960,An image of a toothbrush and a sink in a kitchen
52020,An image of a toothbrush and a sink in a kitchen
52080,An image of a toothbrush and a sink in a kitchen
52140,An image of a toothbrush and a sink in a kitchen
52200,An image of a kitchen sink and a toothbrush
52260,An image of a toothbrush and a sink in a kitchen
52320,An image of a kitchen sink and a toothbrush
52380,An image of a toothbrush and a sink in a kitchen
52440,An image of a toothbrush and a sink in a kitchen
52500,An image of a kitchen sink and a toothbrush
52560,An image of a toothbrush and a sink in a kitchen
52620,An image of a toothbrush and a sink in a kitchen
52680,An image of a toothbrush and a sink in a kitchen
52740,An image of a toothbrush and a sink in a kitchen
52800,An image of a toothbrush and a sink in a kitchen
52860,An image of a toothbrush and a sink in a kitchen
52920,An image of a toothbrush and a sink in a kitchen
52980,An image of a toothbrush and a sink in a kitchen
53040,An image of a toothbrush and a sink in a kitchen
53100,An image of a toothbrush and a sink in a kitchen
53160,An image of a toothbrush and a sink in a kitchen
53220,An image of a toothbrush and a sink in a kitchen
